James,Butt,6649 N Blue Gum St,New Orleans,LA,70116
Josephine,Darakjy,4 B Blue Ridge Blvd,Brighton,MI,48116
Art,Venere,8 W Cerritos Ave #54,Bridgeport,NJ,8014
Lenna,Paprocki,639 Main St,Anchorage,AK,99501
Donette,Foller,34 Center St,Hamilton,OH,45011
Simona,Morasca,3 Mcauley Dr,Ashland,OH,44805
Mitsue,Tollner,7 Eads St,Chicago,IL,60632
Leota,Dilliard,7 W Jackson Blvd,San Jose,CA,95111
Sage,Wieser,5 Boston Ave #88,Sioux Falls,SD,57105
Kris,Marrier,228 Runamuck Pl #2808,Baltimore,MD,21224
Minna,Amigon,2371 Jerrold Ave,Kulpsville,PA,19443
Abel,Maclead,37275 St  Rt 17m M,Middle Island,NY,11953
Kiley,Caldarera,25 E 75th St #69,Los Angeles,CA,90034
Graciela,Ruta,98 Connecticut Ave Nw,Chagrin Falls,OH,44023
Cammy,Albares,56 E Morehead St,Laredo,TX,78045
Mattie,Poquette,73 State Road 434 E,Phoenix,AZ,85013
Meaghan,Garufi,69734 E Carrillo St,Mc Minnville,TN,37110
Gladys,Rim,322 New Horizon Blvd,Milwaukee,WI,53207
Yuki,Whobrey,1 State Route 27,Taylor,MI,48180
Fletcher,Flosi,394 Manchester Blvd,Rockford,IL,61109
Bette,Nicka,6 S 33rd St,Aston,PA,19014
Veronika,Inouye,6 Greenleaf Ave,San Jose,CA,95111
Willard,Kolmetz,618 W Yakima Ave,Irving,TX,75062
Maryann,Royster,74 S Westgate St,Albany,NY,12204
Alisha,Slusarski,3273 State St,Middlesex,NJ,8846
Allene,Iturbide,1 Central Ave,Stevens Point,WI,54481
Chanel,Caudy,86 Nw 66th St #8673,Shawnee,KS,66218
Ezekiel,Chui,2 Cedar Ave #84,Easton,MD,21601
Willow,Kusko,90991 Thorburn Ave,New York,NY,10011
Bernardo,Figeroa,386 9th Ave N,Conroe,TX,77301
Ammie,Corrio,74874 Atlantic Ave,Columbus,OH,43215
Francine,Vocelka,366 South Dr,Las Cruces,NM,88011
Ernie,Stenseth,45 E Liberty St,Ridgefield Park,NJ,7660
Albina,Glick,4 Ralph Ct,Dunellen,NJ,8812
Alishia,Sergi,2742 Distribution Way,New York,NY,10025
Solange,Shinko,426 Wolf St,Metairie,LA,70002
Jose,Stockham,128 Bransten Rd,New York,NY,10011
Rozella,Ostrosky,17 Morena Blvd,Camarillo,CA,93012
Valentine,Gillian,775 W 17th St,San Antonio,TX,78204
Kati,Rulapaugh,6980 Dorsett Rd,Abilene,KS,67410
Youlanda,Schemmer,2881 Lewis Rd,Prineville,OR,97754
Dyan,Oldroyd,7219 Woodfield Rd,Overland Park,KS,66204
Roxane,Campain,1048 Main St,Fairbanks,AK,99708
Lavera,Perin,678 3rd Ave,Miami,FL,33196
Erick,Ferencz,20 S Babcock St,Fairbanks,AK,99712
Fatima,Saylors,2 Lighthouse Ave,Hopkins,MN,55343
Jina,Briddick,38938 Park Blvd,Boston,MA,2128
Kanisha,Waycott,5 Tomahawk Dr,Los Angeles,CA,90006
Emerson,Bowley,762 S Main St,Madison,WI,53711
Blair,Malet,209 Decker Dr,Philadelphia,PA,19132
Brock,Bolognia,4486 W O St #1,New York,NY,10003
Lorrie,Nestle,39 S 7th St,Tullahoma,TN,37388
Sabra,Uyetake,98839 Hawthorne Blvd #6101,Columbia,SC,29201
Marjory,Mastella,71 San Mateo Ave,Wayne,PA,19087
Karl,Klonowski,76 Brooks St #9,Flemington,NJ,8822
Tonette,Wenner,4545 Courthouse Rd,Westbury,NY,11590
Amber,Monarrez,14288 Foster Ave #4121,Jenkintown,PA,19046
Shenika,Seewald,4 Otis St,Van Nuys,CA,91405
Delmy,Ahle,65895 S 16th St,Providence,RI,2909
Deeanna,Juhas,14302 Pennsylvania Ave,Huntingdon Valley,PA,19006
Blondell,Pugh,201 Hawk Ct,Providence,RI,2904
Jamal,Vanausdal,53075 Sw 152nd Ter #615,Monroe Township,NJ,8831
Cecily,Hollack,59 N Groesbeck Hwy,Austin,TX,78731
Carmelina,Lindall,2664 Lewis Rd,Littleton,CO,80126
Maurine,Yglesias,59 Shady Ln #53,Milwaukee,WI,53214
Tawna,Buvens,3305 Nabell Ave #679,New York,NY,10009
Penney,Weight,18 Fountain St,Anchorage,AK,99515
Elly,Morocco,7 W 32nd St,Erie,PA,16502
Ilene,Eroman,2853 S Central Expy,Glen Burnie,MD,21061
Vallie,Mondella,74 W College St,Boise,ID,83707
Kallie,Blackwood,701 S Harrison Rd,San Francisco,CA,94104
Johnetta,Abdallah,1088 Pinehurst St,Chapel Hill,NC,27514
Bobbye,Rhym,30 W 80th St #1995,San Carlos,CA,94070
Micaela,Rhymes,20932 Hedley St,Concord,CA,94520
Tamar,Hoogland,2737 Pistorio Rd #9230,London,OH,43140
Moon,Parlato,74989 Brandon St,Wellsville,NY,14895
Laurel,Reitler,6 Kains Ave,Baltimore,MD,21215
Delisa,Crupi,47565 W Grand Ave,Newark,NJ,7105
Viva,Toelkes,4284 Dorigo Ln,Chicago,IL,60647
Elza,Lipke,6794 Lake Dr E,Newark,NJ,7104
Devorah,Chickering,31 Douglas Blvd #950,Clovis,NM,88101
Timothy,Mulqueen,44 W 4th St,Staten Island,NY,10309
Arlette,Honeywell,11279 Loytan St,Jacksonville,FL,32254
Dominque,Dickerson,69 Marquette Ave,Hayward,CA,94545
Lettie,Isenhower,70 W Main St,Beachwood,OH,44122
Myra,Munns,461 Prospect Pl #316,Euless,TX,76040
Stephaine,Barfield,47154 Whipple Ave Nw,Gardena,CA,90247
Lai,Gato,37 Alabama Ave,Evanston,IL,60201
Stephen,Emigh,3777 E Richmond St #900,Akron,OH,44302
Tyra,Shields,3 Fort Worth Ave,Philadelphia,PA,19106
Tammara,Wardrip,4800 Black Horse Pike,Burlingame,CA,94010
Cory,Gibes,83649 W Belmont Ave,San Gabriel,CA,91776
Danica,Bruschke,840 15th Ave,Waco,TX,76708
Wilda,Giguere,1747 Calle Amanecer #2,Anchorage,AK,99501
Elvera,Benimadho,99385 Charity St #840,San Jose,CA,95110
Carma,Vanheusen,68556 Central Hwy,San Leandro,CA,94577
Malinda,Hochard,55 Riverside Ave,Indianapolis,IN,46202
Natalie,Fern,7140 University Ave,Rock Springs,WY,82901
Lisha,Centini,64 5th Ave #1153,Mc Lean,VA,22102
Arlene,Klusman,3 Secor Rd,New Orleans,LA,70112
Alease,Buemi,4 Webbs Chapel Rd,Boulder,CO,80303
Louisa,Cronauer,524 Louisiana Ave Nw,San Leandro,CA,94577
Angella,Cetta,185 Blackstone Bldge,Honolulu,HI,96817
Cyndy,Goldammer,170 Wyoming Ave,Burnsville,MN,55337
Rosio,Cork,4 10th St W,High Point,NC,27263
Celeste,Korando,7 W Pinhook Rd,Lynbrook,NY,11563
Twana,Felger,1 Commerce Way,Portland,OR,97224
Estrella,Samu,64 Lakeview Ave,Beloit,WI,53511
Donte,Kines,3 Aspen St,Worcester,MA,1602
Tiffiny,Steffensmeier,32860 Sierra Rd,Miami,FL,33133
Edna,Miceli,555 Main St,Erie,PA,16502
Sue,Kownacki,2 Se 3rd Ave,Mesquite,TX,75149
Jesusa,Shin,2239 Shawnee Mission Pky,Tullahoma,TN,37388
Rolland,Francescon,2726 Charcot Ave,Paterson,NJ,7501
Pamella,Schmierer,5161 Dorsett Rd,Homestead,FL,33030
Glory,Kulzer,55892 Jacksonville Rd,Owings Mills,MD,21117
Shawna,Palaspas,5 N Cleveland Massillon Rd,Thousand Oaks,CA,91362
Brandon,Callaro,7 Benton Dr,Honolulu,HI,96819
Scarlet,Cartan,9390 S Howell Ave,Albany,GA,31701
Oretha,Menter,8 County Center Dr #647,Boston,MA,2210
Ty,Smith,4646 Kaahumanu St,Hackensack,NJ,7601
Xuan,Rochin,2 Monroe St,San Mateo,CA,94403
Lindsey,Dilello,52777 Leaders Heights Rd,Ontario,CA,91761
Devora,Perez,72868 Blackington Ave,Oakland,CA,94606
Herman,Demesa,9 Norristown Rd,Troy,NY,12180
Rory,Papasergi,83 County Road 437 #8581,Clarks Summit,PA,18411
Talia,Riopelle,1 N Harlem Ave #9,Orange,NJ,7050
Van,Shire,90131 J St,Pittstown,NJ,8867
Lucina,Lary,8597 W National Ave,Cocoa,FL,32922
Bok,Isaacs,6 Gilson St,Bronx,NY,10468
Rolande,Spickerman,65 W Maple Ave,Pearl City,HI,96782
Howard,Paulas,866 34th Ave,Denver,CO,80231
Kimbery,Madarang,798 Lund Farm Way,Rockaway,NJ,7866
Thurman,Manno,9387 Charcot Ave,Absecon,NJ,8201
Becky,Mirafuentes,30553 Washington Rd,Plainfield,NJ,7062
Beatriz,Corrington,481 W Lemon St,Middleboro,MA,2346
Marti,Maybury,4 Warehouse Point Rd #7,Chicago,IL,60638
Nieves,Gotter,4940 Pulaski Park Dr,Portland,OR,97202
Leatha,Hagele,627 Walford Ave,Dallas,TX,75227
Valentin,Klimek,137 Pioneer Way,Chicago,IL,60604
Melissa,Wiklund,61 13 Stoneridge #835,Findlay,OH,45840
Sheridan,Zane,2409 Alabama Rd,Riverside,CA,92501
Bulah,Padilla,8927 Vandever Ave,Waco,TX,76707
Audra,Kohnert,134 Lewis Rd,Nashville,TN,37211
Daren,Weirather,9 N College Ave #3,Milwaukee,WI,53216
Fernanda,Jillson,60480 Old Us Highway 51,Preston,MD,21655
Gearldine,Gellinger,4 Bloomfield Ave,Irving,TX,75061
Chau,Kitzman,429 Tiger Ln,Beverly Hills,CA,90212
Theola,Frey,54169 N Main St,Massapequa,NY,11758
Cheryl,Haroldson,92 Main St,Atlantic City,NJ,8401
Laticia,Merced,72 Mannix Dr,Cincinnati,OH,45203
Carissa,Batman,12270 Caton Center Dr,Eugene,OR,97401
Lezlie,Craghead,749 W 18th St #45,Smithfield,NC,27577
Ozell,Shealy,8 Industry Ln,New York,NY,10002
Arminda,Parvis,1 Huntwood Ave,Phoenix,AZ,85017
Reita,Leto,55262 N French Rd,Indianapolis,IN,46240
Yolando,Luczki,422 E 21st St,Syracuse,NY,13214
Lizette,Stem,501 N 19th Ave,Cherry Hill,NJ,8002
Gregoria,Pawlowicz,455 N Main Ave,Garden City,NY,11530
Carin,Deleo,1844 Southern Blvd,Little Rock,AR,72202
Chantell,Maynerich,2023 Greg St,Saint Paul,MN,55101
Dierdre,Yum,63381 Jenks Ave,Philadelphia,PA,19134
Larae,Gudroe,6651 Municipal Rd,Houma,LA,70360
Latrice,Tolfree,81 Norris Ave #525,Ronkonkoma,NY,11779
Kerry,Theodorov,6916 W Main St,Sacramento,CA,95827
Dorthy,Hidvegi,9635 S Main St,Boise,ID,83704
Fannie,Lungren,17 Us Highway 111,Round Rock,TX,78664
Evangelina,Radde,992 Civic Center Dr,Philadelphia,PA,19123
Novella,Degroot,303 N Radcliffe St,Hilo,HI,96720
Clay,Hoa,73 Saint Ann St #86,Reno,NV,89502
Jennifer,Fallick,44 58th St,Wheeling,IL,60090
Irma,Wolfgramm,9745 W Main St,Randolph,NJ,7869
Eun,Coody,84 Bloomfield Ave,Spartanburg,SC,29301
Sylvia,Cousey,287 Youngstown Warren Rd,Hampstead,MD,21074
Nana,Wrinkles,6 Van Buren St,Mount Vernon,NY,10553
Layla,Springe,229 N Forty Driv,New York,NY,10011
Joesph,Degonia,2887 Knowlton St #5435,Berkeley,CA,94710
Annabelle,Boord,523 Marquette Ave,Concord,MA,1742
Stephaine,Vinning,3717 Hamann Industrial Pky,San Francisco,CA,94104
Nelida,Sawchuk,3 State Route 35 S,Paramus,NJ,7652
Marguerita,Hiatt,82 N Highway 67,Oakley,CA,94561
Carmela,Cookey,9 Murfreesboro Rd,Chicago,IL,60623
Junita,Brideau,6 S Broadway St,Cedar Grove,NJ,7009
Claribel,Varriano,6 Harry L Dr #6327,Perrysburg,OH,43551
Benton,Skursky,47939 Porter Ave,Gardena,CA,90248
Hillary,Skulski,9 Wales Rd Ne #914,Homosassa,FL,34448
Merilyn,Bayless,195 13n N,Santa Clara,CA,95054
Teri,Ennaco,99 Tank Farm Rd,Hazleton,PA,18201
Merlyn,Lawler,4671 Alemany Blvd,Jersey City,NJ,7304
Georgene,Montezuma,98 University Dr,San Ramon,CA,94583
Jettie,Mconnell,50 E Wacker Dr,Bridgewater,NJ,8807
Lemuel,Latzke,70 Euclid Ave #722,Bohemia,NY,11716
Melodie,Knipp,326 E Main St #6496,Thousand Oaks,CA,91362
Candida,Corbley,406 Main St,Somerville,NJ,8876
Karan,Karpin,3 Elmwood Dr,Beaverton,OR,97005
Andra,Scheyer,9 Church St,Salem,OR,97302
Felicidad,Poullion,9939 N 14th St,Riverton,NJ,8077
Belen,Strassner,5384 Southwyck Blvd,Douglasville,GA,30135
Gracia,Melnyk,97 Airport Loop Dr,Jacksonville,FL,32216
Jolanda,Hanafan,37855 Nolan Rd,Bangor,ME,4401
Barrett,Toyama,4252 N Washington Ave #9,Kennedale,TX,76060
Helga,Fredicks,42754 S Ash Ave,Buffalo,NY,14228
Ashlyn,Pinilla,703 Beville Rd,Opa Locka,FL,33054
Fausto,Agramonte,5 Harrison Rd,New York,NY,10038
Ronny,Caiafa,73 Southern Blvd,Philadelphia,PA,19103
Marge,Limmel,189 Village Park Rd,Crestview,FL,32536
Norah,Waymire,6 Middlegate Rd #106,San Francisco,CA,94107
Aliza,Baltimore,1128 Delaware St,San Jose,CA,95132
Mozell,Pelkowski,577 Parade St,South San Francisco,CA,94080
Viola,Bitsuie,70 Mechanic St,Northridge,CA,91325
Franklyn,Emard,4379 Highway 116,Philadelphia,PA,19103
Willodean,Konopacki,55 Hawthorne Blvd,Lafayette,LA,70506
Beckie,Silvestrini,7116 Western Ave,Dearborn,MI,48126
Rebecka,Gesick,2026 N Plankinton Ave #3,Austin,TX,78754
Frederica,Blunk,99586 Main St,Dallas,TX,75207
Glen,Bartolet,8739 Hudson St,Vashon,WA,98070
Freeman,Gochal,383 Gunderman Rd #197,Coatesville,PA,19320
Vincent,Meinerding,4441 Point Term Mkt,Philadelphia,PA,19143
Rima,Bevelacqua,2972 Lafayette Ave,Gardena,CA,90248
Glendora,Sarbacher,2140 Diamond Blvd,Rohnert Park,CA,94928
Avery,Steier,93 Redmond Rd #492,Orlando,FL,32803
Cristy,Lother,3989 Portage Tr,Escondido,CA,92025
Nicolette,Brossart,1 Midway Rd,Westborough,MA,1581
Tracey,Modzelewski,77132 Coon Rapids Blvd Nw,Conroe,TX,77301
Virgina,Tegarden,755 Harbor Way,Milwaukee,WI,53226
Tiera,Frankel,87 Sierra Rd,El Monte,CA,91731
Alaine,Bergesen,7667 S Hulen St #42,Yonkers,NY,10701
Earleen,Mai,75684 S Withlapopka Dr #32,Dallas,TX,75227
Leonida,Gobern,5 Elmwood Park Blvd,Biloxi,MS,39530
Ressie,Auffrey,23 Palo Alto Sq,Miami,FL,33134
Justine,Mugnolo,38062 E Main St,New York,NY,10048
Eladia,Saulter,3958 S Dupont Hwy #7,Ramsey,NJ,7446
Chaya,Malvin,560 Civic Center Dr,Ann Arbor,MI,48103
Gwenn,Suffield,3270 Dequindre Rd,Deer Park,NY,11729
Salena,Karpel,1 Garfield Ave #7,Canton,OH,44707
Yoko,Fishburne,9122 Carpenter Ave,New Haven,CT,6511
Taryn,Moyd,48 Lenox St,Fairfax,VA,22030
Katina,Polidori,5 Little River Tpke,Wilmington,MA,1887
Rickie,Plumer,3 N Groesbeck Hwy,Toledo,OH,43613
Alex,Loader,37 N Elm St #916,Tacoma,WA,98409
Lashon,Vizarro,433 Westminster Blvd #590,Roseville,CA,95661
Lauran,Burnard,66697 Park Pl #3224,Riverton,WY,82501
Ceola,Setter,96263 Greenwood Pl,Warren,ME,4864
My,Rantanen,8 Mcarthur Ln,Richboro,PA,18954
Lorrine,Worlds,8 Fair Lawn Ave,Tampa,FL,33614
Peggie,Sturiale,9 N 14th St,El Cajon,CA,92020
Marvel,Raymo,9 Vanowen St,College Station,TX,77840
Daron,Dinos,18 Waterloo Geneva Rd,Highland Park,IL,60035
An,Fritz,506 S Hacienda Dr,Atlantic City,NJ,8401
Portia,Stimmel,3732 Sherman Ave,Bridgewater,NJ,8807
Rhea,Aredondo,25657 Live Oak St,Brooklyn,NY,11226
Benedict,Sama,4923 Carey Ave,Saint Louis,MO,63104
Alyce,Arias,3196 S Rider Trl,Stockton,CA,95207
Heike,Berganza,3 Railway Ave #75,Little Falls,NJ,7424
Carey,Dopico,87393 E Highland Rd,Indianapolis,IN,46220
Dottie,Hellickson,67 E Chestnut Hill Rd,Seattle,WA,98133
Deandrea,Hughey,33 Lewis Rd #46,Burlington,NC,27215
Kimberlie,Duenas,8100 Jacksonville Rd #7,Hays,KS,67601
Martina,Staback,7 W Wabansia Ave #227,Orlando,FL,32822
Skye,Fillingim,25 Minters Chapel Rd #9,Minneapolis,MN,55401
Jade,Farrar,6882 Torresdale Ave,Columbia,SC,29201
Charlene,Hamilton,985 E 6th Ave,Santa Rosa,CA,95407
Geoffrey,Acey,7 West Ave #1,Palatine,IL,60067
Stevie,Westerbeck,26659 N 13th St,Costa Mesa,CA,92626
Pamella,Fortino,669 Packerland Dr #1438,Denver,CO,80212
Harrison,Haufler,759 Eldora St,New Haven,CT,6515
Johnna,Engelberg,5 S Colorado Blvd #449,Bothell,WA,98021
Buddy,Cloney,944 Gaither Dr,Strongsville,OH,44136
Dalene,Riden,66552 Malone Rd,Plaistow,NH,3865
Jerry,Zurcher,77 Massillon Rd #822,Satellite Beach,FL,32937
Haydee,Denooyer,25346 New Rd,New York,NY,10016
Joseph,Cryer,60 Fillmore Ave,Huntington Beach,CA,92647
Deonna,Kippley,57 Haven Ave #90,Southfield,MI,48075
Raymon,Calvaresi,6538 E Pomona St #60,Indianapolis,IN,46222
Alecia,Bubash,6535 Joyce St,Wichita Falls,TX,76301
Ma,Layous,78112 Morris Ave,North Haven,CT,6473
Detra,Coyier,96950 Hidden Ln,Aberdeen,MD,21001
Terrilyn,Rodeigues,3718 S Main St,New Orleans,LA,70130
Salome,Lacovara,9677 Commerce Dr,Richmond,VA,23219
Garry,Keetch,5 Green Pond Rd #4,Southampton,PA,18966
Matthew,Neither,636 Commerce Dr #42,Shakopee,MN,55379
Theodora,Restrepo,42744 Hamann Industrial Pky #82,Miami,FL,33136
Noah,Kalafatis,1950 5th Ave,Milwaukee,WI,53209
Carmen,Sweigard,61304 N French Rd,Somerset,NJ,8873
Lavonda,Hengel,87 Imperial Ct #79,Fargo,ND,58102
Junita,Stoltzman,94 W Dodge Rd,Carson City,NV,89701
Herminia,Nicolozakes,4 58th St #3519,Scottsdale,AZ,85254
Casie,Good,5221 Bear Valley Rd,Nashville,TN,37211
Reena,Maisto,9648 S Main,Salisbury,MD,21801
Mirta,Mallett,7 S San Marcos Rd,New York,NY,10004
Cathrine,Pontoriero,812 S Haven St,Amarillo,TX,79109
Filiberto,Tawil,3882 W Congress St #799,Los Angeles,CA,90016
Raul,Upthegrove,4 E Colonial Dr,La Mesa,CA,91942
Sarah,Candlish,45 2nd Ave #9759,Atlanta,GA,30328
Lucy,Treston,57254 Brickell Ave #372,Worcester,MA,1602
Judy,Aquas,8977 Connecticut Ave Nw #3,Niles,MI,49120
Yvonne,Tjepkema,9 Waydell St,Fairfield,NJ,7004
Kayleigh,Lace,43 Huey P Long Ave,Lafayette,LA,70508
Felix,Hirpara,7563 Cornwall Rd #4462,Denver,PA,17517
Tresa,Sweely,22 Bridle Ln,Valley Park,MO,63088
Kristeen,Turinetti,70099 E North Ave,Arlington,TX,76013
Jenelle,Regusters,3211 E Northeast Loop,Tampa,FL,33619
Renea,Monterrubio,26 Montgomery St,Atlanta,GA,30328
Olive,Matuszak,13252 Lighthouse Ave,Cathedral City,CA,92234
Ligia,Reiber,206 Main St #2804,Lansing,MI,48933
Christiane,Eschberger,96541 W Central Blvd,Phoenix,AZ,85034
Goldie,Schirpke,34 Saint George Ave #2,Bangor,ME,4401
Loreta,Timenez,47857 Coney Island Ave,Clinton,MD,20735
Fabiola,Hauenstein,8573 Lincoln Blvd,York,PA,17404
Amie,Perigo,596 Santa Maria Ave #7913,Mesquite,TX,75150
Raina,Brachle,3829 Ventura Blvd,Butte,MT,59701
Erinn,Canlas,13 S Hacienda Dr,Livingston,NJ,7039
Cherry,Lietz,40 9th Ave Sw #91,Waterford,MI,48329
Kattie,Vonasek,2845 Boulder Crescent St,Cleveland,OH,44103
Lilli,Scriven,33 State St,Abilene,TX,79601
Whitley,Tomasulo,2 S 15th St,Fort Worth,TX,76107
Barbra,Adkin,4 Kohler Memorial Dr,Brooklyn,NY,11230
Hermila,Thyberg,1 Rancho Del Mar Shopping C,Providence,RI,2903
Jesusita,Flister,3943 N Highland Ave,Lancaster,PA,17601
Caitlin,Julia,5 Williams St,Johnston,RI,2919
Roosevelt,Hoffis,60 Old Dover Rd,Hialeah,FL,33014
Helaine,Halter,8 Sheridan Rd,Jersey City,NJ,7304
Lorean,Martabano,85092 Southern Blvd,San Antonio,TX,78204
France,Buzick,64 Newman Springs Rd E,Brooklyn,NY,11219
Justine,Ferrario,48 Stratford Ave,Pomona,CA,91768
Adelina,Nabours,80 Pittsford Victor Rd #9,Cleveland,OH,44103
Derick,Dhamer,87163 N Main Ave,New York,NY,10013
Jerry,Dallen,393 Lafayette Ave,Richmond,VA,23219
Leota,Ragel,99 5th Ave #33,Trion,GA,30753
Jutta,Amyot,49 N Mays St,Broussard,LA,70518
Aja,Gehrett,993 Washington Ave,Nutley,NJ,7110
Kirk,Herritt,88 15th Ave Ne,Vestal,NY,13850
Leonora,Mauson,3381 E 40th Ave,Passaic,NJ,7055
Winfred,Brucato,201 Ridgewood Rd,Moscow,ID,83843
Tarra,Nachor,39 Moccasin Dr,San Francisco,CA,94104
Corinne,Loder,4 Carroll St,North Attleboro,MA,2760
Dulce,Labreche,9581 E Arapahoe Rd,Rochester,MI,48307
Kate,Keneipp,33 N Michigan Ave,Green Bay,WI,54301
Kaitlyn,Ogg,2 S Biscayne Blvd,Baltimore,MD,21230
Sherita,Saras,8 Us Highway 22,Colorado Springs,CO,80937
Lashawnda,Stuer,7422 Martin Ave #8,Toledo,OH,43607
Ernest,Syrop,94 Chase Rd,Hyattsville,MD,20785
Nobuko,Halsey,8139 I Hwy 10 #92,New Bedford,MA,2745
Lavonna,Wolny,5 Cabot Rd,Mc Lean,VA,22102
Lashaunda,Lizama,3387 Ryan Dr,Hanover,MD,21076
Mariann,Bilden,3125 Packer Ave #9851,Austin,TX,78753
Helene,Rodenberger,347 Chestnut St,Peoria,AZ,85381
Roselle,Estell,8116 Mount Vernon Ave,Bucyrus,OH,44820
Samira,Heintzman,8772 Old County Rd #5410,Kent,WA,98032
Margart,Meisel,868 State St #38,Cincinnati,OH,45251
Kristofer,Bennick,772 W River Dr,Bloomington,IN,47404
Weldon,Acuff,73 W Barstow Ave,Arlington Heights,IL,60004
Shalon,Shadrick,61047 Mayfield Ave,Brooklyn,NY,11223
Denise,Patak,2139 Santa Rosa Ave,Orlando,FL,32801
Louvenia,Beech,598 43rd St,Beverly Hills,CA,90210
Audry,Yaw,70295 Pioneer Ct,Brandon,FL,33511
Kristel,Ehmann,92899 Kalakaua Ave,El Paso,TX,79925
Vincenza,Zepp,395 S 6th St #2,El Cajon,CA,92020
Elouise,Gwalthney,9506 Edgemore Ave,Bladensburg,MD,20710
Venita,Maillard,72119 S Walker Ave #63,Anaheim,CA,92801
Kasandra,Semidey,369 Latham St #500,Saint Louis,MO,63102
Xochitl,Discipio,3158 Runamuck Pl,Round Rock,TX,78664
Maile,Linahan,9 Plainsboro Rd #598,Greensboro,NC,27409
Krissy,Rauser,8728 S Broad St,Coram,NY,11727
Pete,Dubaldi,2215 Prosperity Dr,Lyndhurst,NJ,7071
Linn,Paa,1 S Pine St,Memphis,TN,38112
Paris,Wide,187 Market St,Atlanta,GA,30342
Wynell,Dorshorst,94290 S Buchanan St,Pacifica,CA,94044
Quentin,Birkner,7061 N 2nd St,Burnsville,MN,55337
Regenia,Kannady,10759 Main St,Scottsdale,AZ,85260
Sheron,Louissant,97 E 3rd St #9,Long Island City,NY,11101
Izetta,Funnell,82 Winsor St #54,Atlanta,GA,30340
Rodolfo,Butzen,41 Steel Ct,Northfield,MN,55057
Zona,Colla,49440 Dearborn St,Norwalk,CT,6854
Serina,Zagen,7 S Beverly Dr,Fort Wayne,IN,46802
Paz,Sahagun,919 Wall Blvd,Meridian,MS,39307
Markus,Lukasik,89 20th St E #779,Sterling Heights,MI,48310
Jaclyn,Bachman,721 Interstate 45 S,Colorado Springs,CO,80919
Cyril,Daufeldt,3 Lawton St,New York,NY,10013
Gayla,Schnitzler,38 Pleasant Hill Rd,Hayward,CA,94545
Erick,Nievas,45 E Acacia Ct,Chicago,IL,60624
Jennie,Drymon,63728 Poway Rd #1,Scranton,PA,18509
Mitsue,Scipione,77 222 Dr,Oroville,CA,95965
Ciara,Ventura,53 W Carey St,Port Jervis,NY,12771
Galen,Cantres,617 Nw 36th Ave,Brook Park,OH,44142
Truman,Feichtner,539 Coldwater Canyon Ave,Bloomfield,NJ,7003
Gail,Kitty,735 Crawford Dr,Anchorage,AK,99501
Dalene,Schoeneck,910 Rahway Ave,Philadelphia,PA,19102
Gertude,Witten,7 Tarrytown Rd,Cincinnati,OH,45217
Lizbeth,Kohl,35433 Blake St #588,Gardena,CA,90248
Glenn,Berray,29 Cherry St #7073,Des Moines,IA,50315
Lashandra,Klang,810 N La Brea Ave,King of Prussia,PA,19406
Lenna,Newville,987 Main St,Raleigh,NC,27601
Laurel,Pagliuca,36 Enterprise St Se,Richland,WA,99352
Mireya,Frerking,8429 Miller Rd,Pelham,NY,10803
Annelle,Tagala,5 W 7th St,Parkville,MD,21234
Dean,Ketelsen,2 Flynn Rd,Hicksville,NY,11801
Levi,Munis,2094 Ne 36th Ave,Worcester,MA,1603
Sylvie,Ryser,649 Tulane Ave,Tulsa,OK,74105
Sharee,Maile,2094 Montour Blvd,Muskegon,MI,49442
Cordelia,Storment,393 Hammond Dr,Lafayette,LA,70506
Mollie,Mcdoniel,8590 Lake Lizzie Dr,Bowling Green,OH,43402
Brett,Mccullan,87895 Concord Rd,La Mesa,CA,91942
Teddy,Pedrozo,46314 Route 130,Bridgeport,CT,6610
Tasia,Andreason,4 Cowesett Ave,Kearny,NJ,7032
Hubert,Walthall,95 Main Ave #2,Barberton,OH,44203
Arthur,Farrow,28 S 7th St #2824,Englewood,NJ,7631
Vilma,Berlanga,79 S Howell Ave,Grand Rapids,MI,49546
Billye,Miro,36 Lancaster Dr Se,Pearl,MS,39208
Glenna,Slayton,2759 Livingston Ave,Memphis,TN,38118
Mitzie,Hudnall,17 Jersey Ave,Englewood,CO,80110
Bernardine,Rodefer,2 W Grand Ave,Memphis,TN,38112
Staci,Schmaltz,18 Coronado Ave #563,Pasadena,CA,91106
Nichelle,Meteer,72 Beechwood Ter,Chicago,IL,60657
Janine,Rhoden,92 Broadway,Astoria,NY,11103
Ettie,Hoopengardner,39 Franklin Ave,Richland,WA,99352
Eden,Jayson,4 Iwaena St,Baltimore,MD,21202
Lynelle,Auber,32820 Corkwood Rd,Newark,NJ,7104
Merissa,Tomblin,34 Raritan Center Pky,Bellflower,CA,90706
Golda,Kaniecki,6201 S Nevada Ave,Toms River,NJ,8755
Catarina,Gleich,78 Maryland Dr #146,Denville,NJ,7834
Virgie,Kiel,76598 Rd  I 95 #1,Denver,CO,80216
Jolene,Ostolaza,1610 14th St Nw,Newport News,VA,23608
Keneth,Borgman,86350 Roszel Rd,Phoenix,AZ,85012
Rikki,Nayar,1644 Clove Rd,Miami,FL,33155
Elke,Sengbusch,9 W Central Ave,Phoenix,AZ,85013
Hoa,Sarao,27846 Lafayette Ave,Oak Hill,FL,32759
Trinidad,Mcrae,10276 Brooks St,San Francisco,CA,94105
Mari,Lueckenbach,1 Century Park E,San Diego,CA,92110
Selma,Husser,9 State Highway 57 #22,Jersey City,NJ,7306
Antione,Onofrio,4 S Washington Ave,San Bernardino,CA,92410
Luisa,Jurney,25 Se 176th Pl,Cambridge,MA,2138
Clorinda,Heimann,105 Richmond Valley Rd,Escondido,CA,92025
Dick,Wenzinger,22 Spruce St #595,Gardena,CA,90248
Ahmed,Angalich,2 W Beverly Blvd,Harrisburg,PA,17110
Iluminada,Ohms,72 Southern Blvd,Mesa,AZ,85204
Joanna,Leinenbach,1 Washington St,Lake Worth,FL,33461
Caprice,Suell,90177 N 55th Ave,Nashville,TN,37211
Stephane,Myricks,9 Tower Ave,Burlington,KY,41005
Quentin,Swayze,278 Bayview Ave,Milan,MI,48160
Annmarie,Castros,80312 W 32nd St,Conroe,TX,77301
Shonda,Greenbush,82 Us Highway 46,Clifton,NJ,7011
Cecil,Lapage,4 Stovall St #72,Union City,NJ,7087
Jeanice,Claucherty,19 Amboy Ave,Miami,FL,33142
Josphine,Villanueva,63 Smith Ln #8343,Moss,TN,38575
Daniel,Perruzza,11360 S Halsted St,Santa Ana,CA,92705
Cassi,Wildfong,26849 Jefferson Hwy,Rolling Meadows,IL,60008
Britt,Galam,2500 Pringle Rd Se #508,Hatfield,PA,19440
Adell,Lipkin,65 Mountain View Dr,Whippany,NJ,7981
Jacqueline,Rowling,1 N San Saba,Erie,PA,16501
Lonny,Weglarz,51120 State Route 18,Salt Lake City,UT,84115
Lonna,Diestel,1482 College Ave,Fayetteville,NC,28301
Cristal,Samara,4119 Metropolitan Dr,Los Angeles,CA,90021
Kenneth,Grenet,2167 Sierra Rd,East Lansing,MI,48823
Elli,Mclaird,6 Sunrise Ave,Utica,NY,13501
Alline,Jeanty,55713 Lake City Hwy,South Bend,IN,46601
Sharika,Eanes,75698 N Fiesta Blvd,Orlando,FL,32806
Nu,Mcnease,88 Sw 28th Ter,Harrison,NJ,7029
Daniela,Comnick,7 Flowers Rd #403,Trenton,NJ,8611
Cecilia,Colaizzo,4 Nw 12th St #3849,Madison,WI,53717
Leslie,Threets,2 A Kelley Dr,Katonah,NY,10536
Nan,Koppinger,88827 Frankford Ave,Greensboro,NC,27401
Izetta,Dewar,2 W Scyene Rd #3,Baltimore,MD,21217
Tegan,Arceo,62260 Park Stre,Monroe Township,NJ,8831
Ruthann,Keener,3424 29th St Se,Kerrville,TX,78028
Joni,Breland,35 E Main St #43,Elk Grove Village,IL,60007
Vi,Rentfro,7163 W Clark Rd,Freehold,NJ,7728
Colette,Kardas,21575 S Apple Creek Rd,Omaha,NE,68124
Malcolm,Tromblay,747 Leonis Blvd,Annandale,VA,22003
Ryan,Harnos,13 Gunnison St,Plano,TX,75075
Jess,Chaffins,18 3rd Ave,New York,NY,10016
Sharen,Bourbon,62 W Austin St,Syosset,NY,11791
Nickolas,Juvera,177 S Rider Trl #52,Crystal River,FL,34429
Gary,Nunlee,2 W Mount Royal Ave,Fortville,IN,46040
Diane,Devreese,1953 Telegraph Rd,Saint Joseph,MO,64504
Roslyn,Chavous,63517 Dupont St,Jackson,MS,39211
Glory,Schieler,5 E Truman Rd,Abilene,TX,79602
Rasheeda,Sayaphon,251 Park Ave #979,Saratoga,CA,95070
Alpha,Palaia,43496 Commercial Dr #29,Cherry Hill,NJ,8003
Refugia,Jacobos,2184 Worth St,Hayward,CA,94545
Shawnda,Yori,50126 N Plankinton Ave,Longwood,FL,32750
Mona,Delasancha,38773 Gravois Ave,Cheyenne,WY,82001
Gilma,Liukko,16452 Greenwich St,Garden City,NY,11530
Janey,Gabisi,40 Cambridge Ave,Madison,WI,53715
Lili,Paskin,20113 4th Ave E,Kearny,NJ,7032
Loren,Asar,6 Ridgewood Center Dr,Old Forge,PA,18518
Dorothy,Chesterfield,469 Outwater Ln,San Diego,CA,92126
Gail,Similton,62 Monroe St,Thousand Palms,CA,92276
Catalina,Tillotson,3338 A Lockport Pl #6,Margate City,NJ,8402
Lawrence,Lorens,9 Hwy,Providence,RI,2906
Carlee,Boulter,8284 Hart St,Abilene,KS,67410
Thaddeus,Ankeny,5 Washington St #1,Roseville,CA,95678
Jovita,Oles,8 S Haven St,Daytona Beach,FL,32114
Alesia,Hixenbaugh,9 Front St,Washington,DC,20001
Lai,Harabedian,1933 Packer Ave #2,Novato,CA,94945
Brittni,Gillaspie,67 Rv Cent,Boise,ID,83709
Raylene,Kampa,2 Sw Nyberg Rd,Elkhart,IN,46514
Flo,Bookamer,89992 E 15th St,Alliance,NE,69301
Jani,Biddy,61556 W 20th Ave,Seattle,WA,98104
Chauncey,Motley,63 E Aurora Dr,Orlando,FL,32804
